{
  "model": "hierarchical_gru_prob",
  "rmse": 2.827162027359009,
  "mae": 1.2055341005325317,
  "mape": 59.31892395019531,
  "r2": 0.3969573959249951,
  "w_rmse": 8.421449661254883,
  "w_mae": 3.4496426582336426,
  "wspl": 0.5542707395778672,
  "crps": 2.1935946302790787,
  "coverage_error_50pct": 0.255133,
  "coverage_error_80pct": 0.085776,
  "coverage_error_90pct": 0.024564,
  "coverage_error_95pct": -0.003701,
  "coverage_95": 0.946298552218526,
  "interval_width": 4.085989475250244,
  "quantile_crps": 0.4457513061569791
}