{
  "model": "baseline_gru_prob",
  "rmse": 13.995178469914254,
  "mae": 9.960396628436587,
  "mape": 31.634376336628765,
  "r2": 0.7646772349686102,
  "w_rmse": 2.991539626268942,
  "w_mae": 0.38638190878011974,
  "crps": 7.320030950431818,
  "coverage_95": 0.8833333333333333,
  "interval_width": 37.632035458371746
}