{
  "model": "baseline_gru_nb_prob",
  "rmse": 13.454949698953344,
  "mae": 9.341443463757502,
  "mape": 82.88298094824016,
  "r2": 0.565442484887885,
  "w_rmse": 0.9381489314286428,
  "w_mae": 0.045866616361398035,
  "coverage_95": 0.035,
  "interval_width": 1.3479257435487393
}