{
  "model": "baseline_gru_nb_prob",
  "rmse": 12.481806282503053,
  "mae": 8.279267924917596,
  "mape": 69.84388219593538,
  "r2": 0.6260289497698575,
  "w_rmse": 0.8692309689841439,
  "w_mae": 0.04042906533718273,
  "coverage_95": 0.05,
  "interval_width": 2.027771981681431
}