{
  "model": "baseline_gru_prob",
  "rmse": 5.7760371460517135,
  "mae": 3.642483174253498,
  "mape": 81.37107367026817,
  "r2": 0.5841857333063589,
  "w_rmse": 0.11199697684361233,
  "w_mae": 0.0012699475088917313,
  "coverage_95": 0.9294853768278966,
  "interval_width": 13.657954554488594
}