{
  "model": "baseline_gru_prob",
  "rmse": 11.91222928986632,
  "mae": 7.922573569693736,
  "mape": 68.83364858937288,
  "r2": 0.6593807437076193,
  "coverage_95": 0.8596428571428572,
  "interval_width": 27.70512451990076
}