{
  "model": "tft_model",
  "rmse": 14.351008360736342,
  "mae": 8.593467585020699,
  "mape": 26.791572284238917,
  "r2": 0.861388829046611,
  "w_rmse": 4.689698800860745,
  "w_mae": 0.905343307028048,
  "wspl": 0.19517569950078792,
  "crps": 3.0657310519007845,
  "partial_wrmsse": 0.45244012139838385
}