{
  "model": "baseline_gru_det",
  "rmse": 2.164212226867676,
  "mae": 1.1002812385559082,
  "mape": 55.975799560546875,
  "r2": 0.6466165101229981,
  "w_rmse": 4.698300361633301,
  "w_mae": 2.310824394226074,
  "wspl": 0.9615447093022859,
  "crps": 2.3108243139920175,
  "coverage_error_50pct": -0.5,
  "coverage_error_80pct": -0.8,
  "coverage_error_90pct": -0.9,
  "coverage_error_95pct": -0.95
}