{
  "model": "gru_direct_det",
  "rmse": 124523.4296875,
  "mae": 18796.857421875,
  "mape": 21784.412109375,
  "r2": 0.3326528803325176
}