{
    "sell_price": {
        "mean": 1.217927661039757,
        "std": 0.7836702830809625,
        "log1p": true
    },
    "lag_7": {
        "mean": 0.5536879256343601,
        "std": 0.8205733787654564,
        "log1p": true
    },
    "lag_28": {
        "mean": 0.5506798868094611,
        "std": 0.8199706212837222,
        "log1p": true
    },
    "roll_mean_7": {
        "mean": 0.640149557731684,
        "std": 0.757286983332268,
        "log1p": true
    },
    "roll_mean_28": {
        "mean": 0.6590412852711052,
        "std": 0.7413724689147858,
        "log1p": true
    },
    "sales": {
        "mean": 0.5547551153328469,
        "std": 0.8208065629384703,
        "log1p": true,
        "zscore": true
    }
}