model,rmse,mae,mape,r2,w_rmse,w_mae,wspl,crps,coverage_error_50pct,coverage_error_80pct,coverage_error_90pct,coverage_error_95pct,coverage_95,interval_width,quantile_crps
hierarchical_gru_det,2.2038049697875977,1.0973691940307617,54.57400131225586,0.633568420590289,4.972418785095215,2.386443614959717,0.9627374617388211,2.3864436744009363,-0.499211,-0.799211,-0.899211,-0.949211,,,
hierarchical_gru_prob,2.827162027359009,1.2055341005325317,59.31892395019531,0.3969573959249951,8.421449661254883,3.4496426582336426,0.5542707395778672,2.1935946302790787,0.255133,0.085776,0.024564,-0.003701,0.946298552218526,4.085989475250244,0.4457513061569791
hierarchical_quantile_gru,2.297257661819458,0.9699559211730957,67.54596710205078,0.6018323037163689,5.1304931640625,2.3734195232391357,0.4396125430176739,1.1881327823526884,0.009747,0.015503,0.011307,0.013543,0.9635430820409502,4.843581199645996,0.3628930487130957
