{
  "model": "baseline_quantile_gru",
  "rmse": 14.77036116416177,
  "mae": 9.70679606525671,
  "mape": 32.232273230910465,
  "r2": 0.7378865600339071,
  "w_rmse": 3.24339887393587,
  "w_mae": 0.3912101963877492,
  "crps": 3.428925918735874,
  "coverage_95": 0.9166666666666666,
  "interval_width": 44.95992660522461
}