{
  "model": "gru_nb_prob",
  "rmse": 12.063919724587036,
  "mae": 8.012762406330024,
  "mape": 68.12455006008737,
  "r2": 0.6506506132621863,
  "w_rmse": 0.8495675015209441,
  "w_mae": 0.039787190822051885,
  "coverage_95": 0.3801785714285714,
  "interval_width": 27.975435256958008
}