{
  "model": "lstm_prob",
  "rmse": 12.177212633197135,
  "mae": 8.185986487865447,
  "mape": 59.83199489616084,
  "r2": 0.6440582863247607,
  "w_rmse": 0.8518687795500046,
  "w_mae": 0.040262618563210346,
  "coverage_95": 0.7232142857142857,
  "interval_width": 19.15637446423939
}