{
  "model": "lstm_prob",
  "rmse": 53.21447058440226,
  "mae": 33.51873818393265,
  "mape": 296.5839836026489,
  "r2": -5.797396437333932,
  "w_rmse": 4.480761752863726,
  "w_mae": 0.20324434589147916,
  "coverage_95": 0.2671428571428571,
  "interval_width": 19.515866545736788
}