{
  "model": "baseline_gru_det",
  "rmse": 13.670839913090026,
  "mae": 9.531808671993868,
  "mape": 30.388250372989955,
  "r2": 0.7754580675465289,
  "w_rmse": 2.913245087566111,
  "w_mae": 0.37426760189929653
}