{
  "model": "baseline_gru_det",
  "rmse": 11.897940547560147,
  "mae": 7.849979386755399,
  "mape": 64.59143709683451,
  "r2": 0.660197400549736,
  "w_rmse": 0.8381375622793064,
  "w_mae": 0.03925485341458581
}