{
  "model": "baseline_gru_det",
  "rmse": 12.600725161722105,
  "mae": 8.639738445154258,
  "mape": 71.88117414590774,
  "r2": 0.6188690774011127,
  "w_rmse": 0.8862379255031567,
  "w_mae": 0.04270251353506883
}