{
  "model": "baseline_quantile_gru",
  "rmse": 2.3745551109313965,
  "mae": 1.0276055335998535,
  "mape": 76.27535247802734,
  "r2": 0.5745867149054653,
  "w_rmse": 5.7945332527160645,
  "w_mae": 2.5769128799438477,
  "wspl": 0.45972372519788607,
  "crps": 1.2877415258835785,
  "coverage_error_50pct": -0.130942,
  "coverage_error_80pct": -0.199683,
  "coverage_error_90pct": -0.060843,
  "coverage_error_95pct": -0.062776,
  "coverage_95": 0.8872241484327414,
  "interval_width": 5.606719493865967,
  "quantile_crps": 0.3847390978952296
}