{
  "model": "transformer_prob",
  "rmse": 12.129857572294366,
  "mae": 8.076066166971412,
  "mape": 61.537089550833734,
  "r2": 0.6468212941997624,
  "w_rmse": 0.8467307120222292,
  "w_mae": 0.03981330938165211,
  "coverage_95": 0.7255357142857143,
  "interval_width": 19.163310348570345
}