{
  "model": "baseline_gru_nb",
  "rmse": 22.73109694574425,
  "mae": 13.735125058055633,
  "mape": 34.7304011992873,
  "r2": 0.37920551664695434,
  "w_rmse": 5.205005766720962,
  "w_mae": 0.6012721355994215,
  "coverage_95": 0.21785714285714286,
  "interval_width": 12.506312370300293,
  "crps": 20.42069395146164
}