{
  "model": "gru_prob",
  "rmse": 12.150577524338233,
  "mae": 8.424222438207694,
  "mape": 75.70593664484967,
  "r2": 0.6456136797007566,
  "w_rmse": 0.8561606649025197,
  "w_mae": 0.04200176941081469,
  "coverage_95": 0.7148214285714286,
  "interval_width": 19.35424719685316
}