{
  "model": "hierarchical_gru_det",
  "rmse": 2.2038049697875977,
  "mae": 1.0973691940307617,
  "mape": 54.57400131225586,
  "r2": 0.633568420590289,
  "w_rmse": 4.972418785095215,
  "w_mae": 2.386443614959717,
  "wspl": 0.9627374617388211,
  "crps": 2.3864436744009363,
  "coverage_error_50pct": -0.499211,
  "coverage_error_80pct": -0.799211,
  "coverage_error_90pct": -0.899211,
  "coverage_error_95pct": -0.949211
}