{
  "model": "baseline_gru_prob",
  "rmse": 2.299236536026001,
  "mae": 1.086346983909607,
  "mape": 57.761024475097656,
  "r2": 0.6011460249697469,
  "w_rmse": 5.413849830627441,
  "w_mae": 2.4955451488494873,
  "wspl": 0.4612084146396526,
  "crps": 1.2820213057402383,
  "coverage_error_50pct": 0.243163,
  "coverage_error_80pct": 0.098771,
  "coverage_error_90pct": 0.03868,
  "coverage_error_95pct": 0.011391,
  "coverage_95": 0.9613913226819097,
  "interval_width": 4.551437854766846,
  "quantile_crps": 0.3943502481837254
}