{
  "model": "transformer_det",
  "rmse": 12.173051356214364,
  "mae": 8.33188118985721,
  "mape": 70.97304379046555,
  "r2": 0.6443015142336452,
  "w_rmse": 0.8515361674477427,
  "w_mae": 0.04097301938925082
}