{
    "sell_price": {
        "mean": 1.3319114446640015,
        "std": 0.5477699141366578,
        "log1p": true
    },
    "sales_lag_7": {
        "mean": 0.7379456162452698,
        "std": 0.8740668396813965,
        "log1p": true
    },
    "sales_lag_28": {
        "mean": 0.7353641986846924,
        "std": 0.8753149609429932,
        "log1p": true
    },
    "sales_roll_mean_7": {
        "mean": 0.8786535263061523,
        "std": 0.7458574275834656,
        "log1p": true
    },
    "sales_roll_mean_28": {
        "mean": 0.9053280353546143,
        "std": 0.7161954741342164,
        "log1p": true
    },
    "sales": {
        "mean": 0.0,
        "std": 1.0,
        "log1p": true,
        "zscore": false
    }
}