{
  "model": "baseline_wquantile_gru",
  "rmse": 15.644418711760274,
  "mae": 10.039458124126707,
  "mape": 31.440616791782695,
  "r2": 0.7059467914229718,
  "w_rmse": 3.4680422902165615,
  "w_mae": 0.4054644028707909,
  "crps": 3.6251499519521992,
  "coverage_95": 0.9071428571428571,
  "interval_width": 42.915016174316406
}