{
  "model": "hierarchical_gru_det",
  "rmse": 19.762888126104887,
  "mae": 12.236302969994998,
  "mape": 33.42938186474136,
  "r2": 0.5307461062866818,
  "w_rmse": 4.498301338685176,
  "w_mae": 0.5105227817405309
}