{
  "model": "hierarchical_quantile_gru",
  "wspl": 0.4396125430176739,
  "crps": 1.1881327823526884,
  "coverage_error_50pct": 0.009747,
  "coverage_error_80pct": 0.015503,
  "coverage_error_90pct": 0.011307,
  "coverage_error_95pct": 0.013543
}