{
  "model": "gru_nb_direct_prob",
  "rmse": 3.15891170501709,
  "mae": 1.4028552770614624,
  "mape": 56.83462142944336,
  "r2": 0.6040110508306136,
  "coverage_95": 0.7499648596729607,
  "interval_width": 15.060276985168457
}