{
  "model": "lstm_det",
  "rmse": 12.059857601024653,
  "mae": 8.051480230944497,
  "mape": 66.75996791745963,
  "r2": 0.6508858372176414,
  "w_rmse": 0.8507630260199557,
  "w_mae": 0.03982182010660677
}