{
  "model": "gru_det",
  "rmse": 12.201676133717385,
  "mae": 8.248654267266392,
  "mape": 72.05688172120632,
  "r2": 0.6426267063501245,
  "w_rmse": 0.8581527946114393,
  "w_mae": 0.04125677544550765
}